{
  "song_id": "883",
  "scores": {
    "chord_alignment": 0.5226537216828478,
    "timing_accuracy": 0.9990545324691231,
    "note_density": 0.7667338315564495,
    "overall": 0.7628140285694734
  },
  "melody_stats": {
    "num_notes": 618,
    "duration": 228.9059716048372,
    "pitch_range": 48,
    "avg_note_duration": 0.2126310762870431
  },
  "chord_progression": [
    "Eb:min",
    "Bb:min",
    "B:maj7",
    "Bb:min7",
    "Eb:min",
    "B:maj7",
    "F#:maj",
    "C#:maj",
    "Eb:min",
    "C#:maj"
  ],
  "timing_info": {
    "expected_duration": 229.12259958333334,
    "generated_duration": 228.9059716048372,
    "coverage_ratio": 0.9990545324691231
  }
}