{
  "song_id": "907",
  "scores": {
    "chord_alignment": 0.4525993883792049,
    "timing_accuracy": 0.9964676770645454,
    "note_density": 0.7853753837911163,
    "overall": 0.7448141497449555
  },
  "melody_stats": {
    "num_notes": 327,
    "duration": 123.68214927117597,
    "pitch_range": 38,
    "avg_note_duration": 0.21904079568854998
  },
  "chord_progression": [
    "Eb:maj",
    "C:min",
    "Ab:maj",
    "Bb:maj",
    "Eb:maj",
    "Bb:maj",
    "Eb:maj",
    "C:maj",
    "F:min",
    "Bb:maj"
  ],
  "timing_info": {
    "expected_duration": 124.12058325416666,
    "generated_duration": 123.68214927117597,
    "coverage_ratio": 0.9964676770645454
  }
}