{
  "song_id": "850",
  "scores": {
    "chord_alignment": 0.5033557046979866,
    "timing_accuracy": 0.9978160043106308,
    "note_density": 0.4874199772532414,
    "overall": 0.6628638954206196
  },
  "melody_stats": {
    "num_notes": 894,
    "duration": 252.7036986198618,
    "pitch_range": 65,
    "avg_note_duration": 0.18848356080848497
  },
  "chord_progression": [
    "Eb:maj",
    "Bb:maj",
    "Ab:maj",
    "Eb:maj",
    "Ab:maj",
    "Eb:maj",
    "F:min7",
    "Bb:7",
    "Eb:maj",
    "Eb:maj"
  ],
  "timing_info": {
    "expected_duration": 253.25681040208335,
    "generated_duration": 252.7036986198618,
    "coverage_ratio": 0.9978160043106308
  }
}