{
  "song_id": "888",
  "scores": {
    "chord_alignment": 0.4806763285024155,
    "timing_accuracy": 0.99624443098493,
    "note_density": 0.8274501891886591,
    "overall": 0.7681236495586682
  },
  "melody_stats": {
    "num_notes": 414,
    "duration": 164.43909730504117,
    "pitch_range": 46,
    "avg_note_duration": 0.2210366729087282
  },
  "chord_progression": [
    "C:maj",
    "F:maj",
    "F:maj",
    "C:maj",
    "D:min7",
    "C:maj",
    "A:min7",
    "F:maj7",
    "C:maj",
    "D:min7"
  ],
  "timing_info": {
    "expected_duration": 165.058987725,
    "generated_duration": 164.43909730504117,
    "coverage_ratio": 0.99624443098493
  }
}