{
  "song_id": "836",
  "scores": {
    "chord_alignment": 0.45923460898502494,
    "timing_accuracy": 0.9982589951863318,
    "note_density": 0.783242160860291,
    "overall": 0.7469119216772159
  },
  "melody_stats": {
    "num_notes": 601,
    "duration": 226.76904706245645,
    "pitch_range": 90,
    "avg_note_duration": 0.2205785937368381
  },
  "chord_progression": [
    "Ab:maj",
    "G:min7",
    "C:min",
    "F:min",
    "D:min7",
    "G:maj",
    "C:min",
    "Bb:maj",
    "Ab:maj",
    "Eb:maj"
  ],
  "timing_info": {
    "expected_duration": 227.1645416229167,
    "generated_duration": 226.76904706245645,
    "coverage_ratio": 0.9982589951863318
  }
}