{
  "song_id": "858",
  "scores": {
    "chord_alignment": 0.4663382594417077,
    "timing_accuracy": 0.9963140535903428,
    "note_density": 0.8287855675192651,
    "overall": 0.7638126268504385
  },
  "melody_stats": {
    "num_notes": 609,
    "duration": 242.2778126951016,
    "pitch_range": 47,
    "avg_note_duration": 0.22356862382185286
  },
  "chord_progression": [
    "F:maj",
    "A:min7",
    "Bb:maj",
    "Bb:maj",
    "C:maj",
    "C:7",
    "F:maj",
    "A:min7",
    "Bb:maj",
    "F:maj"
  ],
  "timing_info": {
    "expected_duration": 243.1741395416667,
    "generated_duration": 242.2778126951016,
    "coverage_ratio": 0.9963140535903428
  }
}