{
  "song_id": "839",
  "scores": {
    "chord_alignment": 0.500669344042838,
    "timing_accuracy": 0.9966130321452037,
    "note_density": 0.6693901856048263,
    "overall": 0.7222241872642895
  },
  "melody_stats": {
    "num_notes": 747,
    "duration": 249.6800082308967,
    "pitch_range": 73,
    "avg_note_duration": 0.18826847724560006
  },
  "chord_progression": [
    "C#:maj",
    "F:min7",
    "Bb:min",
    "F#:maj",
    "Ab:maj",
    "C#:maj",
    "F:min7",
    "Eb:min7",
    "Ab:maj",
    "C#:maj"
  ],
  "timing_info": {
    "expected_duration": 250.52854034375002,
    "generated_duration": 249.6800082308967,
    "coverage_ratio": 0.9966130321452037
  }
}