{
  "song_id": "863",
  "scores": {
    "chord_alignment": 0.47151898734177217,
    "timing_accuracy": 0.995853526916887,
    "note_density": 1.0,
    "overall": 0.8224575047528863
  },
  "melody_stats": {
    "num_notes": 316,
    "duration": 218.7670454945703,
    "pitch_range": 77,
    "avg_note_duration": 0.3670366051912643
  },
  "chord_progression": [
    "E:maj",
    "E:maj",
    "C#:min",
    "E:maj",
    "A:maj",
    "C#:min",
    "Ab:min",
    "E:maj",
    "B:maj",
    "E:maj"
  ],
  "timing_info": {
    "expected_duration": 219.67793413541668,
    "generated_duration": 218.7670454945703,
    "coverage_ratio": 0.995853526916887
  }
}